clave,pregunta,modelo,tiempo_s,respuesta,abstencion_previa_llm,n_fuentes,documentos_contexto
decreto31_cambios,¿Qué cambios introduce el Decreto 31/2024?,mistral:7b,550.8640056999866,"El Decreto 31/2024 introduce los siguientes cambios:

1. Se incorporan nuevos requisitos para el ejercicio de la actividad económica de prestación del servicio turístico de alojamiento en viviendas, que deben estar acordes con la normativa europea y nacional que regula los principios de libre acceso al mercado [Decreto 31/2024, p. 4].

2. Se refuerza la figura legal de las empresas explotadoras de viviendas de uso turístico con el objetivo de profesionalizar la actividad, facilitar las relaciones con la Administración turística y garantizar los derechos y deberes de las personas usuarias [Decreto 31/2024, p. 4].

3. Se modifica el Decreto-ley 13/2020, de 18 de mayo, estableciendo medidas extraordinarias y urgentes relativas a establecimientos hoteleros, coordinación de alertas, impulso de la telematización, reactivación del sector cultural y flexibilización en diversos ámbitos ante la situación generada por el coronavirus (COVID-19) [Decreto 31/2024, p. 27].

4. El Decreto 28/2016, de 2 de febrero, de las viviendas con fines turísticos y de modificación del Decreto 194/2010, de 20 de abril, de establecimientos de apartamentos turísticos, queda modificado para que el presente decreto tenga por objeto la ordenación de las viviendas de uso turístico como un servicio de alojamiento turístico [Decreto 31/2024, p. 6].

5. Se respetan los principios de necesidad y eficacia, siendo las razones de interés general que sustentan la necesidad de esta regulación la protección de las personas usuarias de servicios turísticos, la protección del medio ambiente y el entorno urbano [Decreto 31/2024, p. 5].",False,4,Decreto 31/2024
instruccion1_2024,¿Qué establece la Instrucción 1/2024 sobre las viviendas de uso turístico?,mistral:7b,273.1951183999772,"La Instrucción 1/2024 establece que las viviendas de uso turístico son consideradas como un servicio turístico y deben cumplir con las prescripciones de la Ley 13/2011 de Turismo de Andalucía y el Decreto 28/2016. Además, establece que la aplicación de la normativa urbanística del Plan General de Ordenación Urbana (PGOU) 2011 sobre el uso de hospedaje a las viviendas de uso turístico es una consecuencia directa de las modificaciones introducidas por la administración autonómica en el Decreto 28/2016. Esto puede implicar que muchas viviendas no puedan ser utilizadas como vivienda de uso turístico si no cumplen con las condiciones de la planificación u ordenación urbanística aplicable para el uso como vivienda de uso turístico. [S1, S2, S3]",False,4,Instrucción 1/2024
umbral_8_por_ciento,¿Qué ocurre cuando un barrio alcanza o supera el 8% de viviendas de uso turístico?,mistral:7b,365.11081420001574,"Cuando un barrio alcanza o supera el 8% de viviendas de uso turístico (VUT), se considera una zona de crecimiento acotado [Acuerdo Pleno aprobación definitiva, p. 14]. En estos barrios, se permitirán más inscripciones de VUT en tanto la tasa de inscripción o presión turística residencial registrada (PTRR) no decaiga de dicho porcentaje [Acuerdo Pleno aprobación definitiva, p. 14]. Sin embargo, en los barrios caracterizados por una tasa de inscripción de VUT superior al 8% del total de viviendas familiares disponibles, se obtiene una zona de decrecimiento en la que no se permitirán más inscripciones de VUT hasta que la tasa de inscripción o PTRR no decaiga de dicho porcentaje [Acuerdo Pleno aprobación definitiva, p. 14]. Además, se ha observado que a medida que ha ido creciendo el parque de viviendas de uso turístico ha ido decreciendo el parque de viviendas deshabitadas [Informe de Impacto de la Vivienda Turística, p. 42]. Esto indica que las viviendas que estaban sin uso se han ido incorporando al mercado de vivienda turística [Informe de Impacto de la Vivienda Turística, p. 42].",False,4,Acuerdo Pleno aprobación definitiva | Informe de Impacto de la Vivienda Turística
impacto_residencial,¿Qué impacto tienen las VUT sobre la vivienda residencial en Málaga?,mistral:7b,393.44819590001134,"Las viviendas de uso turístico (VUT) tienen un impacto significativo sobre la vivienda residencial en Málaga. Los siguientes son algunos de los efectos que se han identificado:

1. Mayor presión turística residencial: Los barrios que soportan una mayor presencia de VUT pierden mayor número de personas y hogares o crecen en menor número de estos [S1, S3].

2. Precios de alquiler más altos: Los precios de alquiler son más altos en los barrios que soportan una mayor presencia de VUT [S1, S3].

3. Concentración de acceso a la vivienda: Las zonas donde el acceso a la vivienda se concentra, como Centro Histórico o La Trinidad, el crecimiento de los precios de alquiler se acerca y supera incluso el 40% [Informe de Impacto de la Vivienda Turística, p. 35].

4. Reducción del parque de viviendas vacías: La reducción del parque de viviendas vacías hace que las viviendas de uso turístico se implanten en el parque de viviendas principales [S1, S3].

5. Impacto en el acceso a la vivienda de los vecinos: La presencia de VUT puede tener una incidencia negativa en el acceso a la vivienda de los vecinos de las áreas estadísticas que soportan un mayor número de viviendas de uso turístico [S1, S3].

6. Relación con las viviendas vacías: A medida que ha ido creciendo el parque de viviendas de uso turístico ha ido decreciendo el parque de viviendas deshabitadas, y las viviendas que estaban sin uso se han ido incorporando al mercado de vivienda turística [Informe de Impacto de la Vivienda Turística, p. 42].",False,4,Memoria modificación PGOU VUT | Informe de Impacto de la Vivienda Turística | Acuerdo Pleno aprobación definitiva
requisitos_vut,¿Qué requisitos debe cumplir una vivienda de uso turístico?,mistral:7b,308.2750396000047,"Una vivienda de uso turístico debe cumplir con los siguientes requisitos:

1. Disponer de licencia de ocupación y cumplir en todo momento con las condiciones técnicas y de calidad exigibles a las viviendas [Decreto 28/2016, p. 5].
2. Las habitaciones deben tener ventilación directa al exterior o a patios y algún sistema de oscurecimiento de las ventanas [Decreto 28/2016, p. 5].
3. Estar suficientemente amuebladas y dotadas de los aparatos y enseres necesarios para su uso inmediato y acorde al número de plazas de que dispongan [Decreto 28/2016, p. 5].
4. La vivienda debe resultar compatible con la normativa urbanística del PGOU 2011 de uso residencial y de uso hospedaje para poder ser inscrita como vivienda de uso turístico [Informe jurídico sobre Instrucción 1/2024, p. 9].
5. El alojamiento en viviendas de uso turístico debe cumplir con las prescripciones de la Ley 13/2011 y con lo establecido en el presente Decreto [Informe jurídico sobre Instrucción 1/2024, p. 4].
6. Las viviendas de uso turístico estarán sometidas a los requerimientos de la normativa turística, civil, mercantil y urbanística emanados de la Unión Europea, Administración del Estado, de la Comunidad Autónoma de Andalucía y de los entes locales [Decreto 31/2024, p. 7]. Además, los Ayuntamientos pueden establecer limitaciones proporcionadas a dicha razón en lo que respecta al número máximo de viviendas de uso turístico por edificio, sector, ámbito, periodos, área o zona [Decreto 31/2024, p. 7].",False,4,Decreto 28/2016 | Informe jurídico sobre Instrucción 1/2024 | Decreto 31/2024
decreto28_regulacion,¿Qué regula el Decreto 28/2016 sobre viviendas de uso turístico?,mistral:7b,459.11804810000467,"El Decreto 28/2016 regula las viviendas de uso turístico en Andalucía de la siguiente manera:

1. Se considera como servicio turístico el alojamiento en viviendas con fines turísticos, que debe cumplir con las prescripciones de la Ley 13/2011.

2. Se excluye de la Ley 29/1994 de Arrendamientos Urbanos el alquiler de vivienda por temporada cuando se trata de viviendas amuebladas y equipadas en condiciones de uso inmediato, comercializadas o promocionadas en canales de oferta turística y realizadas con finalidad lucrativa, cuando esté sometida a un régimen específico derivado de su normativa sectorial.

3. Se establece la obligatoriedad de comunicar a la Administración turística la existencia de dicha vivienda y de inscribirse de oficio en el Registro de Turismo de Andalucía.

4. Se modifica el Decreto 194/2010, de 20 de abril, de establecimientos de apartamentos turísticos, con el objetivo de garantizar la coherencia regulatoria de la normativa y aclarar los supuestos en los que se permite que los establecimientos de apartamentos turísticos se constituyan en régimen de propiedad horizontal o figuras afines.

5. Se excluyen del ámbito de aplicación de la presente norma: a) Las viviendas que, por motivos vacacionales o turísticos, se cedan, sin contraprestación económica. b) Las viviendas contratadas por tiempo superior a dos meses computados de forma continuada por una misma persona usuaria. c) Las viviendas situadas en el medio rural, que, en caso de que se destinen a alojamiento turístico, se regularán por lo establecido en el artículo 48 de la Ley 13/2011 y por el Decreto 20/2002. d) Los conjuntos formados por tres o más viviendas de una misma persona titular o explotadora, que estén ubicadas en un mismo inmueble o grupo de inmuebles contiguos o no, siéndoles de aplicación la normativa sobre los establecimientos de apartamentos turísticos.

[Decreto 28/2016, p. 4], [Decreto 28/2016, p. 1], [Decreto 28/2016, p. 3], [Decreto 28/2016, p. 4]",False,4,Decreto 28/2016
limite_ayuntamiento,¿Puede el Ayuntamiento de Málaga limitar la implantación de nuevas VUT?,mistral:7b,220.05745230001048,"Sí, el Ayuntamiento de Málaga puede limitar la implantación de nuevas viviendas de uso turístico (VUT). Según el Acuerdo Pleno aprobación definitiva [Acuerdo Pleno aprobación definitiva, p. 13], solo en aquellos barrios donde no se haya agotado el número máximo de VUT establecidas podrán otorgarse nuevas autorizaciones, hasta alcanzar el límite de VUT MAX previsto. En aquellos barrios donde se haya llegado al límite de VUT MAX, o este haya sido sobrepasado, no podrá otorgarse ninguna autorización nueva para esta modalidad de alojamiento turístico.",False,4,Acuerdo Pleno aprobación definitiva | Instrucción 1/2024 | Informe jurídico sobre Instrucción 1/2024
sancion_exacta,¿Cuál es la sanción económica exacta por alquilar una VUT sin licencia en Málaga?,mistral:7b,208.39886640000623,"La sanción económica exacta por alquilar una Vivienda de Uso Turístico (VUT) sin licencia en Málaga no se especifica en los documentos proporcionados. Sin embargo, se menciona que la autoridad competente podría suspender la validez de la inscripción en el registro e incluso ordenar su retirada definitiva [Informe jurídico sobre Instrucción 1/2024, p. 9]. Además, se establece que el Ayuntamiento de Málaga revisará el número máximo de VUT autorizados en cada barrio con una periodicidad máxima de cuatro años [Acuerdo Pleno aprobación definitiva, p. 46].",False,4,Instrucción 1/2024 | Acuerdo Pleno aprobación definitiva | Informe jurídico sobre Instrucción 1/2024
